"Population","","Allele: frequency (count)","Genotype: frequency (count)","Genotypes"
"ALL;1000GENOMES:phase_3:ALL","","T: 0.642 (3213) C: 0.358 (1795) ","T|T: 0.444 (1112) C|C: 0.161 (403) C|T: 0.395 (989) ",""
"AFR;1000GENOMES:phase_3:AFR","","T: 0.498 (659) C: 0.502 (663) ","T|T: 0.257 (170) C|C: 0.260 (172) C|T: 0.483 (319) ",""
"  ACB;1000GENOMES:phase_3:ACB","","T: 0.599 (115) C: 0.401 (77) ","T|T: 0.354 (34) C|C: 0.156 (15) C|T: 0.490 (47) ",""
"  ASW;1000GENOMES:phase_3:ASW","","T: 0.508 (62) C: 0.492 (60) ","T|T: 0.230 (14) C|C: 0.213 (13) C|T: 0.557 (34) ",""
"  ESN;1000GENOMES:phase_3:ESN","","T: 0.460 (91) C: 0.540 (107) ","T|T: 0.222 (22) C|C: 0.303 (30) C|T: 0.475 (47) ",""
"  GWD;1000GENOMES:phase_3:GWD","","T: 0.509 (115) C: 0.491 (111) ","T|T: 0.248 (28) C|C: 0.230 (26) C|T: 0.522 (59) ",""
"  LWK;1000GENOMES:phase_3:LWK","","T: 0.439 (87) C: 0.561 (111) ","T|T: 0.222 (22) C|C: 0.343 (34) C|T: 0.434 (43) ",""
"  MSL;1000GENOMES:phase_3:MSL","","T: 0.500 (85) C: 0.500 (85) ","T|T: 0.247 (21) C|C: 0.247 (21) C|T: 0.506 (43) ",""
"  YRI;1000GENOMES:phase_3:YRI","","T: 0.481 (104) C: 0.519 (112) ","T|T: 0.269 (29) C|C: 0.306 (33) C|T: 0.426 (46) ",""
"AMR;1000GENOMES:phase_3:AMR","","T: 0.712 (494) C: 0.288 (200) ","T|T: 0.513 (178) C|C: 0.089 (31) C|T: 0.398 (138) ",""
"  CLM;1000GENOMES:phase_3:CLM","","T: 0.793 (149) C: 0.207 (39) ","T|T: 0.617 (58) C|C: 0.032 (3) C|T: 0.351 (33) ",""
"  MXL;1000GENOMES:phase_3:MXL","","T: 0.656 (84) C: 0.344 (44) ","T|T: 0.438 (28) C|C: 0.125 (8) C|T: 0.438 (28) ",""
"  PEL;1000GENOMES:phase_3:PEL","","T: 0.571 (97) C: 0.429 (73) ","T|T: 0.318 (27) C|C: 0.176 (15) C|T: 0.506 (43) ",""
"  PUR;1000GENOMES:phase_3:PUR","","T: 0.788 (164) C: 0.212 (44) ","T|T: 0.625 (65) C|C: 0.048 (5) C|T: 0.327 (34) ",""
"EAS;1000GENOMES:phase_3:EAS","","T: 0.461 (465) C: 0.539 (543) ","T|T: 0.208 (105) C|C: 0.286 (144) C|T: 0.506 (255) ",""
"  CDX;1000GENOMES:phase_3:CDX","","T: 0.446 (83) C: 0.554 (103) ","T|T: 0.151 (14) C|C: 0.258 (24) C|T: 0.591 (55) ",""
"  CHB;1000GENOMES:phase_3:CHB","","T: 0.495 (102) C: 0.505 (104) ","T|T: 0.243 (25) C|C: 0.252 (26) C|T: 0.505 (52) ",""
"  CHS;1000GENOMES:phase_3:CHS","","T: 0.467 (98) C: 0.533 (112) ","T|T: 0.200 (21) C|C: 0.267 (28) C|T: 0.533 (56) ",""
"  JPT;1000GENOMES:phase_3:JPT","","T: 0.409 (85) C: 0.591 (123) ","T|T: 0.173 (18) C|C: 0.356 (37) C|T: 0.471 (49) ",""
"  KHV;1000GENOMES:phase_3:KHV","","T: 0.490 (97) C: 0.510 (101) ","T|T: 0.273 (27) C|C: 0.293 (29) C|T: 0.434 (43) ",""
"EUR;1000GENOMES:phase_3:EUR","","T: 0.927 (933) C: 0.073 (73) ","T|T: 0.867 (436) C|C: 0.012 (6) C|T: 0.121 (61) ",""
"  CEU;1000GENOMES:phase_3:CEU","","T: 0.919 (182) C: 0.081 (16) ","T|T: 0.848 (84) C|C: 0.010 (1) C|T: 0.141 (14) ",""
"  FIN;1000GENOMES:phase_3:FIN","","T: 0.909 (180) C: 0.091 (18) ","T|T: 0.838 (83) C|C: 0.020 (2) C|T: 0.141 (14) ",""
"  GBR;1000GENOMES:phase_3:GBR","","T: 0.945 (172) C: 0.055 (10) ","T|T: 0.890 (81) C|T: 0.110 (10) ",""
"  IBS;1000GENOMES:phase_3:IBS","","T: 0.935 (200) C: 0.065 (14) ","T|T: 0.879 (94) C|C: 0.009 (1) C|T: 0.112 (12) ",""
"  TSI;1000GENOMES:phase_3:TSI","","T: 0.930 (199) C: 0.070 (15) ","T|T: 0.879 (94) C|C: 0.019 (2) C|T: 0.103 (11) ",""
"SAS;1000GENOMES:phase_3:SAS","","T: 0.677 (662) C: 0.323 (316) ","T|T: 0.456 (223) C|C: 0.102 (50) C|T: 0.442 (216) ",""
"  BEB;1000GENOMES:phase_3:BEB","","T: 0.645 (111) C: 0.355 (61) ","T|T: 0.419 (36) C|C: 0.128 (11) C|T: 0.453 (39) ",""
"  GIH;1000GENOMES:phase_3:GIH","","T: 0.748 (154) C: 0.252 (52) ","T|T: 0.544 (56) C|C: 0.049 (5) C|T: 0.408 (42) ",""
"  ITU;1000GENOMES:phase_3:ITU","","T: 0.691 (141) C: 0.309 (63) ","T|T: 0.480 (49) C|C: 0.098 (10) C|T: 0.422 (43) ",""
"  PJL;1000GENOMES:phase_3:PJL","","T: 0.672 (129) C: 0.328 (63) ","T|T: 0.448 (43) C|C: 0.104 (10) C|T: 0.448 (43) ",""
"  STU;1000GENOMES:phase_3:STU","","T: 0.623 (127) C: 0.377 (77) ","T|T: 0.382 (39) C|C: 0.137 (14) C|T: 0.480 (49) ",""
